,,total,male_0,female_0,male_1,female_1,male_2,female_2,male_3,female_3,male_4,female_4,male_5,female_5,male_6,female_6,male_7,female_7,male_8,female_8,male_9,female_9,male_10,female_10,male_11,female_11,male_12,female_12,male_13,female_13,male_14,female_14,male_15,female_15,male_16,female_16,male_17,female_17,male_18,female_18,male_19,female_19,male_20,female_20,male_21,female_21,male_22,female_22,male_23,female_23,male_24,female_24,male_25,female_25,male_26,female_26,male_27,female_27,male_28,female_28,male_29,female_29,male_30,female_30,male_31,female_31,male_32,female_32,male_33,female_33,male_34,female_34,male_35,female_35,male_36,female_36,male_37,female_37,male_38,female_38,male_39,female_39,male_40,female_40,male_41,female_41,male_42,female_42,male_43,female_43,male_44,female_44,male_45,female_45,male_46,female_46,male_47,female_47,male_48,female_48,male_49,female_49,male_50,female_50,male_51,female_51,male_52,female_52,male_53,female_53,male_54,female_54,male_55,female_55,male_56,female_56,male_57,female_57,male_58,female_58,male_59,female_59,male_60,female_60,male_61,female_61,male_62,female_62,male_63,female_63,male_64,female_64,male_65,female_65,male_66,female_66,male_67,female_67,male_68,female_68,male_69,female_69,male_70,female_70,male_71,female_71,male_72,female_72,male_73,female_73,male_74,female_74,male_75,female_75,male_76,female_76,male_77,female_77,male_78,female_78,male_79,female_79,male_80,female_80,male_81,female_81,male_82,female_82,male_83,female_83,male_84,female_84,male_85,female_85,male_86,female_86,male_87,female_87,male_88,female_88,male_89,female_89,male_90,female_90,male_91,female_91,male_92,female_92,male_93,female_93,male_94,female_94,male_95,female_95,male_96,female_96,male_97,female_97,male_98,female_98,male_99,female_99,male_100,female_100
2000,กรุงเทพมหานคร,5232447,0.005495899,0.005146158,0.005726766,0.005445827,0.006219843,0.005724473,0.007278812,0.006830074,0.007716657,0.007243647,0.007941982,0.007597401,0.007612882,0.007267728,0.007660852,0.007287986,0.007851776,0.007418135,0.007701941,0.007332134,0.00765894,0.007398259,0.007471074,0.007094577,0.007472221,0.007173126,0.007052532,0.006779046,0.007328693,0.007054061,0.007676332,0.00748751,0.007897261,0.007655883,0.008021868,0.007891528,0.008077674,0.008007152,0.008302043,0.008294781,0.008532337,0.008698607,0.008899469,0.008764733,0.009087526,0.008762057,0.008564635,0.009085997,0.008679687,0.009138363,0.008307012,0.008844237,0.008278345,0.008868126,0.008026837,0.008750399,0.008661148,0.009392737,0.00883449,0.00977363,0.008817481,0.009772865,0.008694594,0.009919068,0.009083513,0.010348313,0.008992924,0.01016102,0.008880166,0.010179367,0.009293166,0.010567331,0.009524798,0.010755771,0.009243476,0.01049509,0.009077971,0.010408897,0.00896139,0.010050365,0.009112562,0.010388256,0.008829712,0.009912762,0.008231904,0.009214809,0.008053976,0.009032294,0.008276242,0.009361203,0.007756983,0.008956039,0.007257216,0.008270318,0.006876133,0.00790395,0.006604176,0.007544845,0.006166904,0.007155543,0.006129637,0.00693901,0.005693512,0.006492373,0.004993266,0.005558394,0.004639894,0.005233689,0.004220779,0.004853943,0.003695021,0.004295313,0.003759618,0.004278495,0.003389428,0.003901807,0.003548053,0.004096936,0.003421535,0.003875242,0.002875328,0.003415228,0.003261571,0.003897412,0.002953494,0.003527986,0.002880488,0.003428606,0.002748236,0.003408539,0.002395055,0.002984263,0.00229816,0.002879341,0.001957975,0.002562472,0.002066337,0.002704662,0.001602692,0.002171642,0.001518601,0.002136094,0.001357109,0.001986642,0.00126136,0.001877515,0.001025333,0.001634226,0.000961883,0.00140871,0.000851418,0.001303405,0.000722989,0.001123375,0.000688588,0.001073685,0.000572008,0.000902255,0.000489637,0.000773252,0.000485433,0.000729295,0.000320691,0.000525184,0.000342096,0.000566848,0.000305975,0.000540665,0.000275015,0.000470717,0.000207169,0.000382039,0.000186337,0.00035643,0.000149452,0.000273295,0.000117154,0.000231058,0.000124416,0.00022284,9.96E-05,0.000172195,8.60E-05,0.000158434,6.73E-05,0.000127856,6.27E-05,0.000113522,4.64E-05,8.89E-05,4.24E-05,7.61E-05,4.68E-05,7.09E-05,3.40E-05,5.70E-05,3.44E-05,5.70E-05,3.54E-05,5.62E-05,2.81E-05,3.99E-05
2001,กรุงเทพมหานคร,5285784,0.005110311,0.00483145,0.006196432,0.005839436,0.005762059,0.005490009,0.006330565,0.005840004,0.007498982,0.007075582,0.007869977,0.007400794,0.008100785,0.007725439,0.007646548,0.007323795,0.007620818,0.007259093,0.007824572,0.007413281,0.007718817,0.007369389,0.00770425,0.007438632,0.007466631,0.007122311,0.007431632,0.007171878,0.006948827,0.006710452,0.00725758,0.00707142,0.007666791,0.007521306,0.007760627,0.007538522,0.007907058,0.007798843,0.008051029,0.008024732,0.008228297,0.008248729,0.008587941,0.008725101,0.009111042,0.008782614,0.008375295,0.008733804,0.008439051,0.009062043,0.008603643,0.009140555,0.008243432,0.008894802,0.008241162,0.008970665,0.008059542,0.008851667,0.008634481,0.009478064,0.008808722,0.009847167,0.008784317,0.0098256,0.008619157,0.009916977,0.009032908,0.010336972,0.008908801,0.01011638,0.008757263,0.010130947,0.009169501,0.0104537,0.009363985,0.010640616,0.009063367,0.010371971,0.008910315,0.01027,0.008781668,0.009924166,0.008915991,0.010235757,0.008623886,0.009758628,0.008034191,0.009043502,0.007873572,0.008872478,0.008075245,0.009184446,0.007561603,0.008790181,0.00707842,0.008104758,0.006708371,0.007749087,0.006431591,0.007379605,0.006008191,0.006998205,0.005953138,0.006789532,0.005544684,0.006357051,0.004864557,0.005437415,0.004497724,0.005124878,0.004088135,0.0047431,0.003578088,0.00419162,0.003641844,0.004172134,0.003274443,0.003804166,0.003420874,0.003986731,0.003282011,0.003778437,0.002734694,0.003325335,0.003121013,0.003792436,0.002831936,0.003425225,0.002760234,0.003331578,0.00262856,0.003311524,0.002295024,0.002895313,0.002190593,0.002792963,0.001864813,0.00247967,0.001960163,0.002619101,0.00152371,0.002096945,0.001429305,0.002056459,0.001282307,0.001906245,0.001186579,0.001793868,0.00096296,0.001568169,0.000899204,0.001348523,0.000797989,0.0012282,0.000668775,0.001065121,0.000638505,0.001011581,0.000527263,0.000848124,0.000449697,0.000720234,0.000443643,0.000674451,0.000288131,0.000480723,0.000307807,0.000514209,0.000275077,0.000491129,0.000247267,0.000424535,0.000182944,0.00034205,0.000166106,0.000317266,0.000133755,0.000237808,0.000102728,0.000202619,0.000111242,0.000192214,8.76E-05,0.000152863,7.47E-05,0.000136404,5.68E-05,0.000107458,5.73E-05,9.89E-05,4.22E-05,7.91E-05,3.84E-05,6.87E-05,4.41E-05,6.43E-05,3.18E-05,5.05E-05,3.25E-05,5.05E-05,3.35E-05,5.16E-05
2002,กรุงเทพมหานคร,5347519,0.005199795,0.004919665,0.005642617,0.005332566,0.006242895,0.005886842,0.005876744,0.005606899,0.006563979,0.006090114,0.007651773,0.007281321,0.008001468,0.007530408,0.008120962,0.00775425,0.007603339,0.007319843,0.007597168,0.007256823,0.007734241,0.007381367,0.007683002,0.0073737,0.007664489,0.007431858,0.007378001,0.007064398,0.007323957,0.007098245,0.006897404,0.006717134,0.007242985,0.007094692,0.007553035,0.007426061,0.007656448,0.007421947,0.007823628,0.00780979,0.007941253,0.007984637,0.008300859,0.008286647,0.008996508,0.008747795,0.008533303,0.008764251,0.00827767,0.008729282,0.008391368,0.009076172,0.008514229,0.009193235,0.008194641,0.008990898,0.008229985,0.009094124,0.008009696,0.008948823,0.008587908,0.009524417,0.008755649,0.009896739,0.008721428,0.00985298,0.008561727,0.009933953,0.008933676,0.010348911,0.008802587,0.010088043,0.008627926,0.010072334,0.009032787,0.010372287,0.009205577,0.010527312,0.008903942,0.010270183,0.008739006,0.010141151,0.008607356,0.009806043,0.008731152,0.010088417,0.008437371,0.009607633,0.007860842,0.008907308,0.007697027,0.008709272,0.007879916,0.009029047,0.007374635,0.008638024,0.006909933,0.007964254,0.006537611,0.007613063,0.006281231,0.0072327,0.005850003,0.00685963,0.005791658,0.006653927,0.005398578,0.006235041,0.004737524,0.005332192,0.004374926,0.005010922,0.003969878,0.004646828,0.003463475,0.004092926,0.003532105,0.004084137,0.003163149,0.00371275,0.003287506,0.003890215,0.003147628,0.00367965,0.002633184,0.003245991,0.003016352,0.003699847,0.002727994,0.003338371,0.002649827,0.003239259,0.002520421,0.003219437,0.002194476,0.00281121,0.002083583,0.002712847,0.001767923,0.002398121,0.00185918,0.002530893,0.001442351,0.002022994,0.00134511,0.001982602,0.00121346,0.001834683,0.001121268,0.001712944,0.000903784,0.001500883,0.000841325,0.001286578,0.00074614,0.001167457,0.000620662,0.001007383,0.000591489,0.000954648,0.000490321,0.000795135,0.000409349,0.000674331,0.00040617,0.00063263,0.000261243,0.000444131,0.000283683,0.00047106,0.00024703,0.000444879,0.000220289,0.000384851,0.000164188,0.000305936,0.000149602,0.000280691,0.000118934,0.000209069,9.07E-05,0.000174099,0.000100981,0.000164936,7.87E-05,0.000133146,6.69E-05,0.000120056,5.20E-05,9.41E-05,5.31E-05,8.53E-05,3.81E-05,7.07E-05,3.65E-05,6.02E-05,4.04E-05,5.89E-05,3.01E-05,4.54E-05,3.09E-05,4.71E-05
2003,กรุงเทพมหานคร,5408921,0.005343949,0.004949786,0.005659724,0.005378522,0.005653993,0.005362068,0.006336014,0.005977163,0.006137823,0.0058581,0.00674996,0.00631198,0.007797304,0.00743383,0.008059463,0.007583398,0.008105313,0.007722612,0.007596155,0.007324566,0.007634979,0.00730275,0.007773269,0.007465075,0.007690073,0.007394266,0.00762592,0.007401846,0.007253572,0.006984757,0.007242664,0.007088475,0.006860148,0.006727774,0.007097904,0.006990673,0.00742588,0.007293137,0.007573784,0.007394451,0.007681569,0.007747571,0.007978486,0.008032656,0.008539411,0.008331791,0.008451223,0.008744997,0.008478401,0.008776242,0.008242309,0.00875646,0.008370431,0.009119379,0.008517595,0.009313503,0.008221973,0.009136018,0.008243973,0.009182423,0.008006588,0.009027679,0.008568807,0.009556065,0.008730947,0.00990179,0.008690458,0.009855755,0.008525545,0.009922681,0.008875153,0.010321652,0.008718744,0.010011424,0.008559008,0.009971675,0.008901775,0.010273213,0.00906373,0.010407066,0.008750729,0.010128083,0.008589329,0.009980919,0.008435324,0.009644807,0.008547361,0.009902714,0.008251553,0.009443658,0.007693771,0.008736863,0.007519614,0.008545142,0.007685082,0.00885574,0.007197739,0.008467678,0.006723522,0.007804884,0.006376133,0.00744973,0.006112864,0.007073869,0.005686532,0.006724262,0.005628479,0.00651091,0.005229324,0.006099738,0.004605909,0.00521176,0.004241881,0.004897465,0.003843465,0.004525302,0.003353904,0.003992848,0.003402897,0.003993588,0.003025742,0.003628635,0.00312151,0.003791144,0.003028515,0.003591474,0.002524533,0.003150906,0.002895772,0.003597021,0.002614754,0.003241312,0.002540063,0.003138889,0.002417118,0.003111711,0.00209173,0.002717732,0.001989861,0.002626772,0.001680927,0.002310257,0.001757282,0.00244448,0.001363118,0.001947708,0.00126809,0.00189816,0.001140523,0.001761534,0.001055479,0.001641547,0.000848968,0.001433373,0.000780008,0.001223719,0.00069182,0.001097816,0.00056943,0.000945475,0.00054632,0.000893154,0.000440938,0.000739334,0.00037623,0.000626003,0.000371423,0.000585884,0.000233503,0.000406735,0.000251067,0.000427442,0.000221301,0.000405811,0.000198746,0.000341103,0.000147534,0.000271034,0.000133113,0.000241268,9.78E-05,0.000179888,7.28E-05,0.000143282,8.28E-05,0.000133668,6.51E-05,0.000110188,5.66E-05,9.98E-05,4.42E-05,7.69E-05,4.66E-05,7.17E-05,3.31E-05,5.82E-05,3.12E-05,4.83E-05,3.29E-05,4.79E-05,2.59E-05,3.75E-05
2004,กรุงเทพมหานคร,5426762,0.00541778,0.005112072,0.005781164,0.005373186,0.005691423,0.005418148,0.005733622,0.005469744,0.006574455,0.006246819,0.006355355,0.0060959,0.006899142,0.006486188,0.007877441,0.00751461,0.008062635,0.007593478,0.00806374,0.007707911,0.007650234,0.007390595,0.007701646,0.00739557,0.007780146,0.007514241,0.007637151,0.007381013,0.007520138,0.007326837,0.007156754,0.006963268,0.007179419,0.007064249,0.006723899,0.006640424,0.007019103,0.006870948,0.007371615,0.007236728,0.00739944,0.007371062,0.008058581,0.007756559,0.008404644,0.008023016,0.008112572,0.00830182,0.008377003,0.008733937,0.008421965,0.008792352,0.008179279,0.008769871,0.008328539,0.009176006,0.008471166,0.009368202,0.008171908,0.009178586,0.008162326,0.00923313,0.007955573,0.009053281,0.008388796,0.009565557,0.008646408,0.009915858,0.008577122,0.009838095,0.008422518,0.009841228,0.008781848,0.010241282,0.008586336,0.009938892,0.008407592,0.009848414,0.008719749,0.010155964,0.008903652,0.010265606,0.008565144,0.009993805,0.008423624,0.009829987,0.00826515,0.009495718,0.008351942,0.009738404,0.008062266,0.009277355,0.007506871,0.008581913,0.007350055,0.008399852,0.007489918,0.008694135,0.007013759,0.008306058,0.006558791,0.007652077,0.006196513,0.007306014,0.005954564,0.006933232,0.005547323,0.006596383,0.005469376,0.006360146,0.005070058,0.0059682,0.004466199,0.005108571,0.004097287,0.004789044,0.003710684,0.004425107,0.00323342,0.003914673,0.00325498,0.003897536,0.002886989,0.003540417,0.002996999,0.003701471,0.002906521,0.003509275,0.002425203,0.00307384,0.00276758,0.003501167,0.002505914,0.003153077,0.0024311,0.003047674,0.002304689,0.003028694,0.001983503,0.002633983,0.001888603,0.00253982,0.001594137,0.002229322,0.001661949,0.002351126,0.001283638,0.001870913,0.001194082,0.001820607,0.001063618,0.001684246,0.000989725,0.001563363,0.000791079,0.001365639,0.000723267,0.001161466,0.000642925,0.001034134,0.000522227,0.000893719,0.000498456,0.000837147,0.00040245,0.000690651,0.000339245,0.000577324,0.000335375,0.000533283,0.000209701,0.000374993,0.000222048,0.00038863,0.000195144,0.000365596,0.000171926,0.000297231,0.000128806,0.000243423,0.00011646,0.000213755,8.33E-05,0.000156631,6.36E-05,0.000123094,7.28E-05,0.000112037,5.69E-05,9.34E-05,4.74E-05,8.38E-05,3.76E-05,6.43E-05,3.59E-05,6.17E-05,2.71E-05,4.96E-05,2.65E-05,4.16E-05,2.87E-05,4.16E-05
2005,กรุงเทพมหานคร,5444975,0.005244469,0.004948967,0.005765683,0.005448877,0.005739237,0.005371191,0.005729687,0.005472752,0.005884141,0.005623901,0.006754117,0.00641013,0.00642519,0.006182581,0.006914632,0.006512243,0.007852378,0.007513349,0.008065234,0.00762391,0.008097374,0.007790118,0.007700494,0.007476802,0.007732634,0.007458987,0.007728226,0.007499759,0.007550999,0.007329878,0.007432908,0.007299758,0.007103247,0.00693061,0.007086534,0.006970647,0.006575053,0.006440066,0.006859536,0.006755954,0.007158343,0.007212338,0.007782589,0.007364588,0.008056603,0.00772639,0.00781785,0.0079982,0.007984242,0.00827001,0.008287274,0.008704723,0.008356329,0.00879802,0.00811023,0.008794898,0.008281213,0.009212898,0.008423914,0.009359088,0.008137411,0.00917984,0.008135024,0.009245405,0.007916473,0.009031814,0.00831923,0.009561844,0.008578184,0.009912993,0.008498111,0.009807759,0.008351003,0.009788658,0.008683419,0.010166071,0.008496825,0.009865243,0.008306191,0.009757253,0.008612161,0.01005753,0.008757432,0.010140175,0.008434015,0.009869099,0.008270561,0.009701973,0.008132452,0.009360557,0.008197099,0.009602248,0.007906923,0.009156883,0.007353569,0.008454584,0.007195258,0.008268358,0.007335571,0.008560554,0.006861189,0.008201691,0.00641766,0.007525654,0.006066695,0.007185341,0.005807006,0.006818948,0.005423533,0.006484695,0.005341622,0.006267063,0.004944008,0.005866877,0.004352637,0.005024449,0.00399506,0.004697175,0.00361122,0.00433519,0.003116819,0.003832341,0.003127287,0.003826097,0.00279083,0.00347109,0.002905247,0.003629585,0.002809747,0.003430686,0.002345282,0.003009931,0.002670719,0.003429951,0.002418744,0.003085414,0.002336099,0.002967874,0.002210662,0.002948774,0.00190359,0.002565117,0.001797253,0.002457495,0.001520852,0.0021563,0.001586417,0.002276594,0.001215249,0.001803498,0.001133155,0.001754645,0.001004412,0.00162076,0.000925073,0.001498262,0.000744723,0.001309281,0.00067273,0.001101566,0.000595779,0.000979802,0.000479525,0.000842428,0.000463179,0.000784393,0.000368413,0.000646284,0.000307623,0.000531683,0.000303583,0.000488707,0.0001899,0.000339579,0.000199083,0.000351517,0.000171718,0.000327091,0.000153352,0.000264831,0.000115152,0.000213591,0.000104867,0.000184574,7.33E-05,0.000135171,5.45E-05,0.00010652,6.76E-05,9.53E-05,5.09E-05,7.92E-05,4.41E-05,7.49E-05,3.45E-05,5.69E-05,3.21E-05,5.44E-05,2.59E-05,4.43E-05,2.46E-05,3.80E-05
2006,กรุงเทพมหานคร,5479904,0.005195164,0.004828734,0.005585499,0.005291881,0.005724735,0.005430935,0.005742071,0.005394255,0.005859227,0.005624369,0.00603569,0.005790977,0.006801579,0.006473106,0.006450295,0.006217992,0.006876215,0.006499931,0.007844116,0.00751473,0.008072769,0.007651411,0.008129887,0.007865831,0.007706704,0.007498124,0.007678237,0.0074567,0.00763444,0.007436809,0.007478781,0.007290274,0.007372757,0.007254689,0.007007969,0.00684501,0.006977312,0.006789717,0.006484238,0.006406134,0.006747198,0.006768184,0.007531154,0.007210528,0.008083353,0.007358706,0.007547213,0.007705427,0.007696303,0.007987731,0.007923314,0.008285182,0.008222772,0.008730992,0.008298868,0.008835191,0.008072039,0.008845593,0.008242115,0.009237571,0.008369672,0.009381551,0.00809704,0.009195782,0.008082806,0.009236841,0.007872218,0.009046144,0.008262006,0.009561664,0.008502886,0.009888494,0.008418578,0.009756375,0.008269488,0.009726448,0.008585004,0.010095067,0.008397045,0.009782288,0.00818591,0.009664038,0.008479528,0.00993813,0.008635918,0.010017511,0.008307262,0.009727908,0.008141201,0.009561664,0.007982439,0.009230819,0.008041747,0.009460932,0.007757253,0.009027895,0.00721144,0.008318941,0.007043189,0.008139194,0.007180418,0.008432812,0.006708694,0.008069667,0.006274198,0.007410896,0.005929666,0.007063992,0.005670355,0.00670322,0.005300823,0.006377666,0.005212318,0.00614737,0.00482472,0.005744079,0.0042446,0.004941145,0.003891127,0.00460519,0.003490937,0.004246607,0.00300352,0.003750431,0.003020673,0.003740759,0.002713186,0.00338984,0.002808261,0.003556267,0.002719208,0.003347869,0.002259529,0.00293527,0.002573585,0.003351154,0.002330698,0.003012462,0.002236353,0.002891292,0.002111716,0.002858444,0.001827222,0.002484898,0.001716271,0.002370844,0.001448201,0.002076861,0.001504953,0.002199491,0.001150385,0.00173306,0.001068084,0.001686708,0.000943995,0.001541268,0.000864796,0.001425755,0.000695633,0.001243817,0.000628661,0.001039617,0.000551652,0.000923191,0.000441066,0.000789977,0.00041935,0.000726838,0.000336137,0.000595631,0.000278472,0.000487965,0.000273545,0.000445993,0.000169529,0.000310407,0.000175186,0.000311867,0.000152375,0.000292706,0.000136681,0.000235406,0.000104199,0.000185222,9.36E-05,0.000159674,6.31E-05,0.000119893,4.95E-05,9.40E-05,6.11E-05,8.16E-05,4.60E-05,6.99E-05,4.01E-05,6.48E-05,3.23E-05,5.35E-05,3.07E-05,4.95E-05,2.32E-05,3.89E-05
2007,กรุงเทพมหานคร,5497541,0.004901828,0.00481397,0.005563578,0.005165582,0.005589954,0.005280543,0.005750389,0.00544498,0.005878264,0.005520104,0.006067076,0.005801139,0.006126194,0.005874445,0.006856338,0.006493267,0.006440698,0.006202773,0.006890717,0.006506363,0.007865699,0.007543191,0.008124541,0.007715631,0.008147097,0.007910628,0.007678524,0.00747898,0.007613586,0.007416771,0.007566292,0.00740331,0.007426775,0.007249969,0.0072587,0.00715047,0.00693692,0.00671573,0.006880713,0.006752655,0.00641887,0.006433058,0.007101539,0.006801586,0.007753103,0.007223229,0.007221047,0.007299991,0.007406584,0.007690347,0.007592304,0.008009945,0.007871337,0.008311898,0.008172745,0.008785382,0.008283158,0.008913803,0.008027225,0.00889816,0.00818566,0.009243042,0.0083159,0.009387652,0.008059967,0.009179377,0.008008853,0.009225034,0.007821861,0.009048227,0.008194755,0.009536809,0.00844523,0.009837853,0.008342639,0.009720528,0.008184386,0.009662866,0.00850453,0.010017206,0.008278792,0.009690878,0.008071609,0.009565186,0.00835901,0.009840218,0.008499982,0.009901882,0.00818857,0.009585376,0.008016675,0.009449861,0.007851328,0.009109345,0.007917904,0.009339085,0.007611585,0.008896159,0.007086441,0.008194391,0.006907452,0.008017948,0.007036237,0.008313535,0.006561479,0.007934275,0.006135652,0.007299809,0.005797501,0.006942922,0.005539386,0.006597495,0.005175405,0.006277534,0.005080271,0.006054161,0.004702102,0.005645069,0.004132029,0.004852897,0.003754952,0.004516019,0.003352226,0.004154039,0.002902752,0.003665821,0.002913484,0.003656544,0.002625356,0.003309662,0.00271103,0.003475736,0.002610986,0.003257274,0.00216897,0.002858187,0.002472378,0.003266551,0.00223027,0.002929855,0.002126951,0.00280871,0.002007989,0.002766328,0.00173714,0.002407986,0.001622362,0.002289751,0.001367884,0.002007807,0.001417907,0.002108215,0.001085212,0.001664199,0.001008633,0.001615086,0.000874027,0.001470112,0.00079963,0.001352787,0.00064738,0.001176344,0.000577167,0.000973526,0.00050277,0.000862749,0.000402726,0.00074124,0.000373985,0.000668481,0.00030359,0.000551156,0.00024611,0.000444199,0.000242654,0.000404181,0.000147157,0.000282308,0.000156434,0.000283036,0.000136607,0.000260844,0.000121145,0.000205546,8.82E-05,0.000159344,8.17E-05,0.000138426,5.57E-05,0.000107503,4.47E-05,7.91E-05,5.37E-05,7.20E-05,4.13E-05,5.86E-05,3.58E-05,5.75E-05,2.84E-05,4.69E-05,2.82E-05,4.31E-05
2008,กรุงเทพมหานคร,5502416,0.004938558,0.004680489,0.005558104,0.005171728,0.005513578,0.005152464,0.005567191,0.0052775,0.005830348,0.005563738,0.006018265,0.005684776,0.006135123,0.005861607,0.006145846,0.005921762,0.006815006,0.00646625,0.00643172,0.006206183,0.006886611,0.00652895,0.007889262,0.007583578,0.00810971,0.007741872,0.008104803,0.007922156,0.007595027,0.007432372,0.007516516,0.007381667,0.007516153,0.007381667,0.007328599,0.007181754,0.007146497,0.006994927,0.006811917,0.006637811,0.006742674,0.006719775,0.006880977,0.006452075,0.007368945,0.006810099,0.007059808,0.007205199,0.007122689,0.007298976,0.007357677,0.00769153,0.007547957,0.008015206,0.007835649,0.00833761,0.008150056,0.008823942,0.008255101,0.008967152,0.007973043,0.008900817,0.008142787,0.009239759,0.008265097,0.009390239,0.00799158,0.009142166,0.007951598,0.009211408,0.007781127,0.009027671,0.008126067,0.009478927,0.008382681,0.009779704,0.008277455,0.009655758,0.008100623,0.009593422,0.008408125,0.009931092,0.008181497,0.009600147,0.007965228,0.009470385,0.008243652,0.009745355,0.008366143,0.009794607,0.008068092,0.009473838,0.007886899,0.009342442,0.007723153,0.008996048,0.00778658,0.009215952,0.007481623,0.008770693,0.006961124,0.008096989,0.006770844,0.007915432,0.006887156,0.008190402,0.006432992,0.007827834,0.006016266,0.007193386,0.005676052,0.006829364,0.005421982,0.006498236,0.005060868,0.006179467,0.00496382,0.005958292,0.00457708,0.005556832,0.003991701,0.004760273,0.003620591,0.004424965,0.003242939,0.004074937,0.00280913,0.003598965,0.002824032,0.003589332,0.002549426,0.003247301,0.002625756,0.00339778,0.002511624,0.003188963,0.002086538,0.002792046,0.002381318,0.0031866,0.00214742,0.002850384,0.002044738,0.002734799,0.0019237,0.002677733,0.001650548,0.002330976,0.001549683,0.002211574,0.00129634,0.00193406,0.001333414,0.002027291,0.001024277,0.001594209,0.000943949,0.001541868,0.000814188,0.001396296,0.000741674,0.001282528,0.000598828,0.001113693,0.00053213,0.000918142,0.000461252,0.000811462,0.000369111,0.000683336,0.000344394,0.000614094,0.000270245,0.000505414,0.000219903,0.000404186,0.000219358,0.000359297,0.000129579,0.000256069,0.000137031,0.000248436,0.000117403,0.000229172,0.000106317,0.000175923,7.87E-05,0.000137212,7.11E-05,0.000119766,4.87E-05,9.38E-05,3.96E-05,6.91E-05,4.78E-05,6.11E-05,3.76E-05,5.09E-05,3.25E-05,5.05E-05,2.56E-05,4.09E-05
2009,กรุงเทพมหานคร,5501904,0.004869587,0.004551334,0.005281081,0.005007903,0.005552805,0.005167847,0.005502822,0.005160214,0.005674399,0.005411763,0.006004649,0.005727654,0.006078805,0.005754372,0.006151325,0.005897776,0.006113338,0.00590741,0.006830908,0.006472487,0.006445223,0.006243111,0.006911426,0.006573361,0.007880363,0.007616636,0.008084474,0.007711149,0.008039217,0.007899811,0.007506311,0.007398348,0.007463416,0.007359271,0.007431791,0.007315831,0.007260577,0.007053195,0.00705792,0.006955956,0.006732578,0.006635703,0.007032293,0.006705133,0.007176788,0.006459764,0.006714766,0.006789468,0.006982492,0.00718733,0.007069371,0.007288749,0.007322192,0.007718237,0.007522123,0.008047214,0.007818203,0.008394549,0.008129368,0.008862568,0.008242601,0.009001066,0.007943432,0.008902191,0.008102104,0.009255341,0.008202615,0.00937839,0.007945249,0.009123751,0.007905263,0.009187001,0.007714239,0.008984526,0.00805194,0.009417104,0.008311123,0.009747353,0.008189165,0.009583228,0.008015952,0.009524884,0.008324209,0.009853498,0.008099741,0.009516524,0.007855644,0.009381298,0.008120825,0.009646842,0.008252779,0.009690827,0.007941251,0.009383297,0.007759859,0.009228442,0.007594462,0.008915823,0.007642809,0.009107393,0.007339459,0.008649551,0.006826909,0.008001412,0.006634431,0.007817294,0.006754389,0.008081929,0.006295275,0.007697881,0.005880146,0.007094817,0.005540627,0.00673585,0.005288351,0.00640142,0.00493302,0.006084439,0.00484196,0.005855973,0.004425559,0.005459565,0.003849576,0.004705644,0.003505695,0.004360309,0.003143094,0.004016246,0.002728692,0.003558768,0.002741778,0.003531505,0.002470781,0.003197802,0.002529488,0.003342479,0.002419526,0.003142003,0.002005669,0.002726874,0.002285391,0.003118557,0.002050381,0.00277613,0.001958413,0.002665623,0.001829185,0.0026011,0.001573092,0.002251948,0.001467128,0.002131807,0.00122085,0.001858811,0.001243024,0.0019446,0.000949671,0.001520019,0.000875152,0.001467128,0.000742107,0.001319907,0.000677402,0.001202493,0.000549264,0.001039822,0.000486559,0.000853886,0.000412039,0.000749922,0.000327886,0.000618877,0.000302804,0.000549446,0.000234283,0.000454752,0.000188844,0.000353877,0.000185936,0.000308439,0.000109235,0.000218288,0.000114869,0.0002112,9.87E-05,0.000193388,9.00E-05,0.000145404,6.56E-05,0.000112143,6.11E-05,9.63E-05,4.13E-05,7.65E-05,3.42E-05,5.13E-05,4.22E-05,4.91E-05,3.36E-05,4.23E-05,2.53E-05,3.62E-05
2010,กรุงเทพมหานคร,5500663,0.004717431,0.004398379,0.005193919,0.004885229,0.005253367,0.004985399,0.005538969,0.005180466,0.0055846,0.005266092,0.005806936,0.005546968,0.006041635,0.005746216,0.006067632,0.005756033,0.006111445,0.005859657,0.006096356,0.005894199,0.006820087,0.006492126,0.006430316,0.006251065,0.006898078,0.006586479,0.007831783,0.007598902,0.008009944,0.007669439,0.00796304,0.007895775,0.007440558,0.007359476,0.007371293,0.007292212,0.007311482,0.007168045,0.007156955,0.006986794,0.006941163,0.00694589,0.007094781,0.006632473,0.007340206,0.006740097,0.00642668,0.00642868,0.006601204,0.006771366,0.00693171,0.007181862,0.00702988,0.00730421,0.007285667,0.007751429,0.007492551,0.008097569,0.007789606,0.008423712,0.008093206,0.008892019,0.008223918,0.009020367,0.007910137,0.008909108,0.008068118,0.009255066,0.00814829,0.009366325,0.007879596,0.009080178,0.007847236,0.009150352,0.007656713,0.008912017,0.007985765,0.00936269,0.00823937,0.009689377,0.008125748,0.009517216,0.007945042,0.009458133,0.008252642,0.009770459,0.008023215,0.009436317,0.00776161,0.009287244,0.008030487,0.009552303,0.008143382,0.00959957,0.007840509,0.009286517,0.007643079,0.00913599,0.007485461,0.008824209,0.007523093,0.009004187,0.007216221,0.008550424,0.006712282,0.00790632,0.00651976,0.007713252,0.006628655,0.007970857,0.006170347,0.007581268,0.005768032,0.006996066,0.005422619,0.006654289,0.005175558,0.006323601,0.004809602,0.006003822,0.004698161,0.005780212,0.00428312,0.005372807,0.003744458,0.004638895,0.003424133,0.004302936,0.003059631,0.003950433,0.002663861,0.003511031,0.002670951,0.003474308,0.002401892,0.003140531,0.002454795,0.003290694,0.002344081,0.003081992,0.001945947,0.002660225,0.002201553,0.003051269,0.001976671,0.002703492,0.001877228,0.002601686,0.001750153,0.002532967,0.001501819,0.002183555,0.001394014,0.002061388,0.001155679,0.001792511,0.001173131,0.00186523,0.000894256,0.001463642,0.000821174,0.001392923,0.000687372,0.001255121,0.000629015,0.001129137,0.000507393,0.000980245,0.000447582,0.000788632,0.000371046,0.000692644,0.0002976,0.000565023,0.000271058,0.000496667,0.000211065,0.000408314,0.000167798,0.00031069,0.000165616,0.000273967,9.58E-05,0.000186705,1.00E-04,0.000181614,8.51E-05,0.000165071,8.07E-05,0.000126712,5.60E-05,9.56E-05,5.58E-05,8.38E-05,3.60E-05,6.51E-05,3.05E-05,4.54E-05,3.87E-05,4.11E-05,3.09E-05,3.65E-05
2011,กรุงเทพมหานคร,5490713,0.004602135,0.004313283,0.004943802,0.004628907,0.005176741,0.004878419,0.005230286,0.004967661,0.005612204,0.005264344,0.005664474,0.005349396,0.005819463,0.005561755,0.006024536,0.00573696,0.005997946,0.005709641,0.006066972,0.005813271,0.006090648,0.005893224,0.006805491,0.006509355,0.006413557,0.006243998,0.006834449,0.006553065,0.007753091,0.007531809,0.007900978,0.007625057,0.007891143,0.007851986,0.007352233,0.007305062,0.007253339,0.007175207,0.007184495,0.007090882,0.007013479,0.006957202,0.007332927,0.006943907,0.007335841,0.00665633,0.006715157,0.006724992,0.006297543,0.006399351,0.006529935,0.006770523,0.00689619,0.007192691,0.007001094,0.007327099,0.007269366,0.007797166,0.007495384,0.008143933,0.007777314,0.008472852,0.008081464,0.008924706,0.008183819,0.009036531,0.007873841,0.008920153,0.008030469,0.009249801,0.008102955,0.009340499,0.00784379,0.00904928,0.007810825,0.00910665,0.007600106,0.008868976,0.007926839,0.00930116,0.008173984,0.009633539,0.008059245,0.009468716,0.007877848,0.009401147,0.008184365,0.009699287,0.007941227,0.009363811,0.007688619,0.0092172,0.007944506,0.009461977,0.00802883,0.009506416,0.007748174,0.009202266,0.00755166,0.009050919,0.007394122,0.00871854,0.007414338,0.008900301,0.00709835,0.008461925,0.006601146,0.007826852,0.006409004,0.007620686,0.006510994,0.00788495,0.006048941,0.007487916,0.00565901,0.00691422,0.005316432,0.006568546,0.005062002,0.006241084,0.004677352,0.005924185,0.004565163,0.005711098,0.004181606,0.005320256,0.003655991,0.004581919,0.003344192,0.004248082,0.002990322,0.003898583,0.002598387,0.003465488,0.002600027,0.003428152,0.002342319,0.003098505,0.002384572,0.003235645,0.002274204,0.003024562,0.001884273,0.002617329,0.002130324,0.002988501,0.001905217,0.002633902,0.001805776,0.002535736,0.001676285,0.002467075,0.001436608,0.002122129,0.001330064,0.001997373,0.001095486,0.001723456,0.001105685,0.001793756,0.000844153,0.001403461,0.000766931,0.001318954,0.000641629,0.00118582,0.000586809,0.001068896,0.000469884,0.000915364,0.000404865,0.00073087,0.000333472,0.000638533,0.000270639,0.000513048,0.000244231,0.000450215,0.00019105,0.000365708,0.000149889,0.000274828,0.000147158,0.000237856,8.58E-05,0.000160635,8.89E-05,0.000156628,7.54E-05,0.000140055,7.43E-05,0.000110368,5.08E-05,8.34E-05,5.03E-05,7.25E-05,3.22E-05,5.88E-05,2.86E-05,4.08E-05,3.64E-05,3.59E-05
2012,กรุงเทพมหานคร,5482017,0.004719978,0.004495426,0.004945078,0.004648472,0.004942341,0.004634061,0.005147376,0.004882145,0.005278896,0.005048324,0.005696808,0.005349673,0.005682762,0.005367368,0.005809541,0.005549782,0.005989766,0.005701734,0.006006183,0.005698268,0.006062002,0.005823769,0.006095749,0.005887067,0.00678327,0.006513661,0.00637156,0.006225993,0.006760833,0.006509101,0.007653935,0.00747608,0.007815189,0.007571301,0.007795488,0.007772687,0.007242042,0.007169624,0.007122743,0.007086808,0.007086443,0.007064735,0.007526244,0.006962766,0.00778053,0.006963678,0.006641898,0.00661636,0.006601585,0.006705014,0.006239309,0.006398557,0.006485022,0.006763022,0.006865356,0.007213221,0.006994323,0.007369733,0.007249157,0.007826316,0.007463676,0.008173816,0.007736204,0.008506358,0.008062179,0.008935215,0.0081439,0.009040651,0.00785149,0.008922993,0.007983193,0.009214127,0.008044302,0.009274871,0.007777247,0.009007634,0.007735656,0.009041015,0.007528433,0.008816098,0.007861887,0.00924386,0.008099391,0.009569653,0.007976626,0.009414965,0.007801691,0.009321204,0.008093554,0.009607048,0.007851672,0.009277607,0.007606142,0.009123467,0.00783489,0.009379212,0.00793011,0.00940475,0.007635328,0.009102489,0.007435949,0.008959658,0.007262838,0.00862511,0.007303881,0.008792384,0.006980825,0.008369,0.00648338,0.007726171,0.006296952,0.007543756,0.006397828,0.007783084,0.005920449,0.007389616,0.0055496,0.006827961,0.005190973,0.006483198,0.004930302,0.006164884,0.004563649,0.00584803,0.004457848,0.005643726,0.004079885,0.005251534,0.003574779,0.004533003,0.003272153,0.00419809,0.002922647,0.003847124,0.002532827,0.003411153,0.002530638,0.003381602,0.002279453,0.003052344,0.002309916,0.003178939,0.002195542,0.002969892,0.001818126,0.00256329,0.002058914,0.002918816,0.001829983,0.002560736,0.001733851,0.002461685,0.001600323,0.002395286,0.001367198,0.002048516,0.001260485,0.001926116,0.001038122,0.001648481,0.001037209,0.001714697,0.000791132,0.001337829,0.000711417,0.001247898,0.00059376,0.001110905,0.000534475,0.000998902,0.000424661,0.000846404,0.000365012,0.000670009,0.000304632,0.000583727,0.00023951,0.000464245,0.000217438,0.000400035,0.000170558,0.000326522,0.00013298,0.000242794,0.000130974,0.000207223,7.64E-05,0.000139182,8.03E-05,0.000136993,6.62E-05,0.000119664,6.60E-05,9.54E-05,4.65E-05,7.10E-05,4.60E-05,6.46E-05,2.92E-05,5.20E-05,2.65E-05,3.59E-05
2013,กรุงเทพมหานคร,5491038,0.004393705,0.004092122,0.005139283,0.00489707,0.004957715,0.004702754,0.004952069,0.004639196,0.005205209,0.00494351,0.005358914,0.005121436,0.005708028,0.005370387,0.00567634,0.005360371,0.005792165,0.005525731,0.005978287,0.00569182,0.006010703,0.005700015,0.006055504,0.005844432,0.00606206,0.005887958,0.006724594,0.006486934,0.00630318,0.00618262,0.006670688,0.006463441,0.007566147,0.0074088,0.007708379,0.00748547,0.007652469,0.007610037,0.007103211,0.007056771,0.007037649,0.007044934,0.007763742,0.007049669,0.0079393,0.006969903,0.006881213,0.006921824,0.00653137,0.006610772,0.006571435,0.006709114,0.006202288,0.006409535,0.006465991,0.006788334,0.006860269,0.007237976,0.006979008,0.007432839,0.007247992,0.007868093,0.007445951,0.008234509,0.007711839,0.008541737,0.008024894,0.008972803,0.008123601,0.009060218,0.007824568,0.008925635,0.007962975,0.009192433,0.007994299,0.009235048,0.007718213,0.008965518,0.007676326,0.008985369,0.007469262,0.008775754,0.007782317,0.009176953,0.008011782,0.009490191,0.007891404,0.009339582,0.007726772,0.00924379,0.008003769,0.009504942,0.007762285,0.009200446,0.007499311,0.009032901,0.007729504,0.009284037,0.007825114,0.009290957,0.007528267,0.009007769,0.007297345,0.0088486,0.007148739,0.00850932,0.007161305,0.008673952,0.006868282,0.008257819,0.006348709,0.00761805,0.006135816,0.007392956,0.00591655,0.007126886,0.005436677,0.006742077,0.005415552,0.006819658,0.005046223,0.006294074,0.004742273,0.006030736,0.004519,0.005835509,0.004284436,0.00549896,0.004052968,0.005261665,0.003562896,0.004649758,0.003188104,0.004117801,0.002832251,0.003753571,0.002584029,0.003483859,0.002454181,0.003333796,0.002341452,0.003161333,0.002134933,0.00294152,0.002150959,0.003015277,0.001818782,0.002513186,0.001911114,0.00277616,0.001812044,0.002598052,0.001666716,0.002398089,0.00156291,0.002322694,0.001323429,0.002090497,0.001219077,0.001902555,0.001079031,0.001680921,0.000995804,0.001647958,0.000804037,0.001402649,0.000705331,0.001209061,0.000589688,0.001100703,0.00051411,0.000966484,0.000423235,0.000851023,0.000350389,0.000688941,0.00029448,0.000561096,0.00023165,0.000459294,0.000197413,0.000384991,0.00015844,0.000311052,0.000125295,0.000239299,0.000113093,0.000185211,9.12E-05,0.000144235,6.37E-05,0.0001171,6.72E-05,0.000100892,5.72E-05,9.16E-05,4.43E-05,7.32E-05,4.33E-05,5.70E-05,3.35E-05,4.75E-05
2014,กรุงเทพมหานคร,5491038,0.004393705,0.004092122,0.005139283,0.00489707,0.004957715,0.004702754,0.004952069,0.004639196,0.005205209,0.00494351,0.005358914,0.005121436,0.005708028,0.005370387,0.00567634,0.005360371,0.005792165,0.005525731,0.005978287,0.00569182,0.006010703,0.005700015,0.006055504,0.005844432,0.00606206,0.005887958,0.006724594,0.006486934,0.00630318,0.00618262,0.006670688,0.006463441,0.007566147,0.0074088,0.007708379,0.00748547,0.007652469,0.007610037,0.007103211,0.007056771,0.007037649,0.007044934,0.007763742,0.007049669,0.0079393,0.006969903,0.006881213,0.006921824,0.00653137,0.006610772,0.006571435,0.006709114,0.006202288,0.006409535,0.006465991,0.006788334,0.006860269,0.007237976,0.006979008,0.007432839,0.007247992,0.007868093,0.007445951,0.008234509,0.007711839,0.008541737,0.008024894,0.008972803,0.008123601,0.009060218,0.007824568,0.008925635,0.007962975,0.009192433,0.007994299,0.009235048,0.007718213,0.008965518,0.007676326,0.008985369,0.007469262,0.008775754,0.007782317,0.009176953,0.008011782,0.009490191,0.007891404,0.009339582,0.007726772,0.00924379,0.008003769,0.009504942,0.007762285,0.009200446,0.007499311,0.009032901,0.007729504,0.009284037,0.007825114,0.009290957,0.007528267,0.009007769,0.007297345,0.0088486,0.007148739,0.00850932,0.007161305,0.008673952,0.006868282,0.008257819,0.006348709,0.00761805,0.006135816,0.007392956,0.00591655,0.007126886,0.005436677,0.006742077,0.005415552,0.006819658,0.005046223,0.006294074,0.004742273,0.006030736,0.004519,0.005835509,0.004284436,0.00549896,0.004052968,0.005261665,0.003562896,0.004649758,0.003188104,0.004117801,0.002832251,0.003753571,0.002584029,0.003483859,0.002454181,0.003333796,0.002341452,0.003161333,0.002134933,0.00294152,0.002150959,0.003015277,0.001818782,0.002513186,0.001911114,0.00277616,0.001812044,0.002598052,0.001666716,0.002398089,0.00156291,0.002322694,0.001323429,0.002090497,0.001219077,0.001902555,0.001079031,0.001680921,0.000995804,0.001647958,0.000804037,0.001402649,0.000705331,0.001209061,0.000589688,0.001100703,0.00051411,0.000966484,0.000423235,0.000851023,0.000350389,0.000688941,0.00029448,0.000561096,0.00023165,0.000459294,0.000197413,0.000384991,0.00015844,0.000311052,0.000125295,0.000239299,0.000113093,0.000185211,9.12E-05,0.000144235,6.37E-05,0.0001171,6.72E-05,0.000100892,5.72E-05,9.16E-05,4.43E-05,7.32E-05,4.33E-05,5.70E-05,3.35E-05,4.75E-05
2015,กรุงเทพมหานคร,5486910,0.004140582,0.003934273,0.004669477,0.004372771,0.004806895,0.004467724,0.005164291,0.004952879,0.005044734,0.004811634,0.00506952,0.004765706,0.005308088,0.005042182,0.005401765,0.005173586,0.005689541,0.005350552,0.005624842,0.005329411,0.005763535,0.005522052,0.005973307,0.005698654,0.005984425,0.005709407,0.005980962,0.005806182,0.005950161,0.005820398,0.006590048,0.006407067,0.006154101,0.006093229,0.006515871,0.00634984,0.007331267,0.007233033,0.007446085,0.007269301,0.00744244,0.007471418,0.007535389,0.007023808,0.008084514,0.007036018,0.007085226,0.007047318,0.006846476,0.00691391,0.00673512,0.006936873,0.006476869,0.006622124,0.006556331,0.00674314,0.006185266,0.006453541,0.006478692,0.006882198,0.006868893,0.007358604,0.006983165,0.007557077,0.007249982,0.007990107,0.007427131,0.00836099,0.007692854,0.008629083,0.007992477,0.009038785,0.008054442,0.00905865,0.007744432,0.00889918,0.007887682,0.009118429,0.007895701,0.009148683,0.007586784,0.008877128,0.007559264,0.008883871,0.007356053,0.008666262,0.007651301,0.009052818,0.007865265,0.009352258,0.00772894,0.009193335,0.007598266,0.0090869,0.007827356,0.009352805,0.007616491,0.009022018,0.007320878,0.008864552,0.007561633,0.009106036,0.007642917,0.00913465,0.007324523,0.008829742,0.007105274,0.008662253,0.00693013,0.008331101,0.00694471,0.008493487,0.006649644,0.008075401,0.006135694,0.007459936,0.005906421,0.007234491,0.00570485,0.006995376,0.005188166,0.006615016,0.005143879,0.006649827,0.004788123,0.00613861,0.004520759,0.005899131,0.00431846,0.005696102,0.004107594,0.005348365,0.003860461,0.005122738,0.003406836,0.004528049,0.003027752,0.004011912,0.002681291,0.003646861,0.002450924,0.003374395,0.002322619,0.003217111,0.002198141,0.003051991,0.001997664,0.002829644,0.002002584,0.002891427,0.001686924,0.002392786,0.001759278,0.00263427,0.001661955,0.002451289,0.001517976,0.002252269,0.001415733,0.002162966,0.001191563,0.001930048,0.001083852,0.001745974,0.000947528,0.001517065,0.000867701,0.001490456,0.000701123,0.001254076,0.000607081,0.001073828,0.000493538,0.000954089,0.000419908,0.000828153,0.000353204,0.000718984,0.000284131,0.000566257,0.000234741,0.000449798,0.000180612,0.000361041,0.000154914,0.000301809,0.000124478,0.000233647,0.000100968,0.00018207,9.04E-05,0.00013924,6.98E-05,0.00010443,5.34E-05,8.73E-05,5.72E-05,7.69E-05,4.98E-05,7.09E-05,4.03E-05,5.32E-05
2016,กรุงเทพมหานคร,5480420,0.00400316,0.00376723,0.004421376,0.004214276,0.004702194,0.004401852,0.004805654,0.004493634,0.005215841,0.005030089,0.005105266,0.004888494,0.005084647,0.004792151,0.005311454,0.005056182,0.005366377,0.005154349,0.005686243,0.00534959,0.005638254,0.005341196,0.005761967,0.005534612,0.005957938,0.005693907,0.005943705,0.005686425,0.00593148,0.005780031,0.005897541,0.005797548,0.006519208,0.006361556,0.006075264,0.006046617,0.006419216,0.006252076,0.007258933,0.007164597,0.007355641,0.007250357,0.008064893,0.007469501,0.007926582,0.007054934,0.007042161,0.007027564,0.006965889,0.007042708,0.006842359,0.006921915,0.006752402,0.006979392,0.006485087,0.006663175,0.006562271,0.006799479,0.006210838,0.006520303,0.006485087,0.006954212,0.006883232,0.007435197,0.006995449,0.007637006,0.007260028,0.008058324,0.007428628,0.008400451,0.007687002,0.008667036,0.007978586,0.009027775,0.008010153,0.009054416,0.007710358,0.008897128,0.007828597,0.009090179,0.007837173,0.009110798,0.007550334,0.008828703,0.007504352,0.008835089,0.007318782,0.008611019,0.007587192,0.008992194,0.007801592,0.009279581,0.007656712,0.009123753,0.007528985,0.009000588,0.00773937,0.009268998,0.007523876,0.008953693,0.007238314,0.00877159,0.007464574,0.009023578,0.007536831,0.009049671,0.00720401,0.008737651,0.007012419,0.008572336,0.006828856,0.008240609,0.00682174,0.008400269,0.006529609,0.007986979,0.006025086,0.007381004,0.005771638,0.007171166,0.005564537,0.006930673,0.005065305,0.006540375,0.005023703,0.006582707,0.004681758,0.006076724,0.004424478,0.005829298,0.004224859,0.005632415,0.004008634,0.005278428,0.003765222,0.005049978,0.003321096,0.004467906,0.002954336,0.003942581,0.002598159,0.003589141,0.002382482,0.003314345,0.002257126,0.003154868,0.002131406,0.002991012,0.001926677,0.002767671,0.001925947,0.002821864,0.001623598,0.00232172,0.001685455,0.00255984,0.001584003,0.002377737,0.001436204,0.002169177,0.001335664,0.002083964,0.001119257,0.001837085,0.001016345,0.001661004,0.000881867,0.001432007,0.000806325,0.001409928,0.000647943,0.00117491,0.000555797,0.000994632,0.000445951,0.000870189,0.000378803,0.000752132,0.000315487,0.000645206,0.00025436,0.00050945,0.000204546,0.00039559,0.000156192,0.000312932,0.000137763,0.000263848,0.000110758,0.000200167,8.76E-05,0.000157287,8.30E-05,0.000116597,6.44E-05,8.83E-05,5.02E-05,7.39E-05,5.33E-05,6.62E-05,4.69E-05,6.28E-05
2017,กรุงเทพมหานคร,5468998,0.003888829,0.003722071,0.004289634,0.004040777,0.004443593,0.004235145,0.004708541,0.004433719,0.004856648,0.004543611,0.005265864,0.005086855,0.005145915,0.004907663,0.005087221,0.004801977,0.005293291,0.005030172,0.005351072,0.005146464,0.005682028,0.005366431,0.005645641,0.005361494,0.005731032,0.005528069,0.005928325,0.00567636,0.005893767,0.005652589,0.005874019,0.005745659,0.00582593,0.005762664,0.00643372,0.006313771,0.005994151,0.005952644,0.006347781,0.006191993,0.007165664,0.007126717,0.007973673,0.007240449,0.008501557,0.007486746,0.007075885,0.007027247,0.006943868,0.007012253,0.006934177,0.007046812,0.006829039,0.006950451,0.006754437,0.007003111,0.006482357,0.006708176,0.00659225,0.006844032,0.006229478,0.00657945,0.006494243,0.007009511,0.006880054,0.007518013,0.006997808,0.007679286,0.007249408,0.008082285,0.007422018,0.008445057,0.007685503,0.008669778,0.007965444,0.009020482,0.007968736,0.009054127,0.007666852,0.008871826,0.007790092,0.009059612,0.007784607,0.009076983,0.007505397,0.008770711,0.007444691,0.008789727,0.007253248,0.008571588,0.007518745,0.008940943,0.007732861,0.009230393,0.007582559,0.009064,0.007458039,0.008944234,0.007659721,0.009195652,0.0074414,0.008872923,0.007152681,0.008683126,0.007379231,0.008942589,0.0074414,0.008960325,0.007109529,0.008659722,0.006916441,0.00848437,0.006709273,0.008153779,0.006691902,0.008309749,0.00639331,0.007897608,0.005899984,0.007320354,0.005622419,0.007115929,0.005415252,0.00685738,0.004945147,0.006465353,0.004917354,0.006513807,0.004571038,0.006021761,0.004327849,0.00576431,0.004127996,0.005567565,0.003918085,0.005217409,0.003677273,0.004987385,0.003230756,0.004413423,0.002869264,0.003889561,0.00252624,0.003535383,0.002313769,0.003263303,0.002189981,0.003096911,0.002054855,0.002938015,0.001853356,0.002710186,0.001847139,0.00275023,0.001555495,0.002260743,0.001615104,0.002490036,0.001509052,0.002303347,0.001368806,0.002091974,0.001258,0.001997075,0.001057415,0.001756812,0.000949717,0.001576706,0.000815872,0.001349607,0.000750595,0.00131962,0.000588408,0.001093253,0.000505577,0.00092101,0.00040245,0.000804169,0.000341379,0.000680929,0.000283233,0.000583288,0.000224538,0.000449625,0.000178643,0.000342659,0.000138965,0.000274456,0.000122874,0.000225453,9.58E-05,0.000174072,7.77E-05,0.000138599,7.42E-05,9.86E-05,6.02E-05,7.72E-05,4.61E-05,6.55E-05,4.97E-05,5.98E-05
2018,กรุงเทพมหานคร,5459005,0.003665137,0.003486716,0.004194171,0.004008789,0.004302616,0.004061729,0.004440736,0.004254255,0.004763139,0.004480487,0.004915731,0.004597358,0.005304447,0.005117966,0.005163945,0.004924707,0.005063743,0.004779626,0.005282281,0.005031686,0.005374789,0.005163762,0.005693345,0.005401167,0.005631063,0.005362882,0.005702321,0.005508513,0.005894664,0.005652495,0.005838243,0.005624102,0.005829267,0.005709649,0.005754345,0.005729249,0.006362332,0.006231172,0.00594852,0.005913349,0.006282464,0.006169806,0.008107521,0.007115216,0.008382846,0.007256267,0.007544782,0.007472058,0.006995231,0.00700897,0.006937345,0.007011351,0.006916096,0.007069603,0.006835312,0.006989552,0.006778525,0.007037913,0.006507413,0.006753062,0.00662465,0.006896678,0.006232454,0.00662062,0.006520785,0.007059345,0.006871032,0.00756658,0.007000726,0.00771331,0.007241246,0.008111185,0.007409958,0.008475171,0.007672644,0.008689862,0.007926719,0.009012265,0.007951083,0.009028202,0.007618238,0.008850148,0.00773401,0.00902289,0.00773456,0.009015196,0.007462166,0.008718255,0.007392922,0.008729246,0.007202045,0.008515288,0.007464547,0.008882754,0.007668797,0.009161926,0.007512908,0.008991748,0.007378084,0.008867367,0.007573725,0.009111001,0.007343646,0.008779256,0.007060261,0.008588561,0.007274036,0.00884282,0.007341265,0.008867916,0.006999994,0.008568778,0.006787501,0.008400615,0.006578122,0.008055864,0.006555041,0.008218531,0.006254986,0.007831281,0.005774862,0.007244727,0.005469129,0.007026006,0.005285762,0.00678402,0.004832566,0.006409227,0.004811133,0.00644623,0.004476274,0.005955847,0.004235937,0.005705985,0.004036267,0.005501918,0.003813149,0.005160098,0.003584536,0.004925806,0.003145995,0.00435061,0.002785123,0.003835131,0.002460888,0.003470413,0.002243266,0.003201316,0.00211632,0.003043229,0.00198516,0.002875432,0.001778712,0.002655795,0.001776881,0.002678693,0.001481589,0.002194173,0.001540024,0.002418939,0.001435793,0.002218903,0.001294741,0.002011172,0.00118648,0.001908956,0.000996335,0.001672283,0.000887341,0.001490565,0.000752335,0.001269828,0.000694998,0.001234108,0.000537094,0.001008059,0.000457043,0.000851071,0.000369115,0.000728704,0.000303902,0.000614581,0.000252977,0.000524638,0.000201319,0.000398791,0.000156622,0.000301887,0.000123099,0.000238505,0.000109727,0.000193808,8.52E-05,0.000148012,7.20E-05,0.00012255,6.80E-05,8.79E-05,5.70E-05,6.67E-05,4.27E-05,5.66E-05
2019,กรุงเทพมหานคร,5500663,0.004717431,0.004398379,0.005193919,0.004885229,0.005253367,0.004985399,0.005538969,0.005180466,0.0055846,0.005266092,0.005806936,0.005546968,0.006041635,0.005746216,0.006067632,0.005756033,0.006111445,0.005859657,0.006096356,0.005894199,0.006820087,0.006492126,0.006430316,0.006251065,0.006898078,0.006586479,0.007831783,0.007598902,0.008009944,0.007669439,0.00796304,0.007895775,0.007440558,0.007359476,0.007371293,0.007292212,0.007311482,0.007168045,0.007156955,0.006986794,0.006941163,0.00694589,0.007094781,0.006632473,0.007340206,0.006740097,0.00642668,0.00642868,0.006601204,0.006771366,0.00693171,0.007181862,0.00702988,0.00730421,0.007285667,0.007751429,0.007492551,0.008097569,0.007789606,0.008423712,0.008093206,0.008892019,0.008223918,0.009020367,0.007910137,0.008909108,0.008068118,0.009255066,0.00814829,0.009366325,0.007879596,0.009080178,0.007847236,0.009150352,0.007656713,0.008912017,0.007985765,0.00936269,0.00823937,0.009689377,0.008125748,0.009517216,0.007945042,0.009458133,0.008252642,0.009770459,0.008023215,0.009436317,0.00776161,0.009287244,0.008030487,0.009552303,0.008143382,0.00959957,0.007840509,0.009286517,0.007643079,0.00913599,0.007485461,0.008824209,0.007523093,0.009004187,0.007216221,0.008550424,0.006712282,0.00790632,0.00651976,0.007713252,0.006628655,0.007970857,0.006170347,0.007581268,0.005768032,0.006996066,0.005422619,0.006654289,0.005175558,0.006323601,0.004809602,0.006003822,0.004698161,0.005780212,0.00428312,0.005372807,0.003744458,0.004638895,0.003424133,0.004302936,0.003059631,0.003950433,0.002663861,0.003511031,0.002670951,0.003474308,0.002401892,0.003140531,0.002454795,0.003290694,0.002344081,0.003081992,0.001945947,0.002660225,0.002201553,0.003051269,0.001976671,0.002703492,0.001877228,0.002601686,0.001750153,0.002532967,0.001501819,0.002183555,0.001394014,0.002061388,0.001155679,0.001792511,0.001173131,0.00186523,0.000894256,0.001463642,0.000821174,0.001392923,0.000687372,0.001255121,0.000629015,0.001129137,0.000507393,0.000980245,0.000447582,0.000788632,0.000371046,0.000692644,0.0002976,0.000565023,0.000271058,0.000496667,0.000211065,0.000408314,0.000167798,0.00031069,0.000165616,0.000273967,9.58E-05,0.000186705,1.00E-04,0.000181614,8.51E-05,0.000165071,8.07E-05,0.000126712,5.60E-05,9.56E-05,5.58E-05,8.38E-05,3.60E-05,6.51E-05,3.05E-05,4.54E-05,3.87E-05,4.11E-05,3.09E-05,3.65E-05
2020,กรุงเทพมหานคร,5416467,0.003327446,0.003098883,0.003752815,0.003527022,0.00395553,0.003762231,0.004178739,0.004016456,0.004307051,0.004093997,0.004501274,0.004313513,0.004812731,0.004550752,0.004919812,0.004621093,0.005292934,0.005106096,0.005110158,0.004890273,0.005062894,0.004806454,0.005256194,0.005049048,0.005381183,0.005155575,0.005643716,0.005388752,0.005577806,0.005340566,0.005630792,0.005469986,0.005805076,0.005620453,0.005751904,0.005574852,0.00572698,0.005649808,0.005686179,0.005643531,0.006304663,0.006199613,0.006635137,0.005869139,0.007248821,0.006149027,0.007387842,0.007093738,0.007380826,0.007247529,0.007420335,0.007501753,0.007004381,0.007085061,0.006973734,0.007143956,0.006975765,0.007243467,0.006935702,0.007226297,0.006895454,0.007266914,0.006593597,0.006975949,0.006682031,0.00714931,0.006283432,0.006817359,0.006581596,0.00723239,0.006915578,0.007731977,0.007037613,0.007866198,0.00725196,0.008240427,0.007408888,0.008579947,0.007634497,0.008764385,0.007872475,0.009039287,0.00790663,0.009051103,0.00753037,0.008821987,0.007636158,0.0089599,0.007625266,0.008958053,0.007349994,0.008642349,0.007267468,0.008625549,0.007071399,0.008412125,0.00733227,0.008762169,0.007513385,0.009021009,0.007352763,0.008845434,0.007197865,0.008738907,0.007397627,0.008947161,0.007154479,0.008608933,0.006876069,0.008429665,0.007067337,0.008677797,0.007098908,0.008709921,0.006786158,0.008405479,0.00656018,0.008217903,0.006339557,0.007896476,0.006281216,0.008045835,0.005901079,0.007666067,0.005461494,0.007092077,0.005216869,0.006881792,0.005067879,0.006655815,0.004638448,0.006290078,0.004616847,0.006310017,0.004281204,0.005820584,0.004054488,0.005560082,0.003847157,0.005366598,0.003632442,0.0050184,0.003390217,0.004787253,0.002968909,0.004217879,0.002625881,0.003712937,0.002302608,0.003345723,0.002096754,0.003079683,0.00196955,0.002913523,0.001838283,0.002744963,0.001648122,0.002521016,0.001628368,0.002539847,0.001339803,0.002049676,0.001397405,0.002251652,0.001271308,0.002054845,0.001141704,0.001840499,0.001038315,0.001725664,0.000873817,0.001492301,0.000766182,0.001319679,0.000629377,0.001110502,0.000574175,0.001046069,0.000448632,0.000848708,0.000362783,0.000698426,0.000296503,0.000593006,0.00023964,0.000484449,0.000196069,0.000412446,0.000160252,0.000313858,0.000122405,0.000229116,0.000101911,0.000171514,8.44E-05,0.000141974,6.92E-05,0.000108373,5.96E-05,9.08E-05,5.91E-05,6.89E-05
2021,﻿กรุงเทพมหานคร,5358386,0.002974216,0.002788153,0.003519343,0.003282145,0.003769978,0.003535766,0.003942418,0.003749077,0.004173831,0.004036477,0.00432313,0.004117844,0.00450994,0.004328542,0.004816002,0.004554916,0.004903156,0.004598026,0.005287226,0.005109374,0.005108814,0.004895877,0.005058799,0.004808537,0.005249342,0.005054134,0.005368967,0.005162002,0.00562968,0.005392482,0.005552791,0.005336868,0.00561587,0.005461533,0.005785324,0.005622029,0.005742961,0.005578732,0.005735869,0.00565898,0.005663086,0.005650955,0.006892934,0.006204853,0.00670631,0.005888154,0.00649188,0.006157638,0.007199369,0.007107924,0.007328699,0.007279244,0.007431156,0.007545369,0.007036447,0.007147115,0.007014052,0.007204035,0.007029169,0.007316755,0.00698046,0.007298653,0.006938843,0.007337844,0.006628302,0.007028422,0.006716948,0.007218592,0.006308803,0.006861021,0.006593963,0.007278684,0.006940896,0.007765771,0.007056229,0.00791283,0.00725405,0.008281971,0.00742481,0.008609869,0.007638681,0.008786228,0.007859456,0.009052726,0.007902939,0.00906411,0.007517935,0.00881982,0.007618525,0.008951203,0.007594078,0.008953069,0.007323661,0.008644021,0.007228296,0.008611735,0.007043166,0.008411488,0.007299959,0.008744424,0.007484343,0.009001591,0.007304252,0.008819447,0.007136664,0.008692916,0.007336351,0.008923396,0.007097846,0.008581502,0.006799249,0.008398238,0.006982513,0.008632823,0.0070092,0.008668095,0.006692127,0.008360727,0.006462767,0.008180075,0.006183392,0.007854044,0.006082802,0.007991959,0.005774313,0.007622818,0.005347879,0.007058469,0.005124304,0.006846838,0.004975192,0.006614305,0.004544652,0.006253562,0.004520951,0.006257855,0.004167113,0.005775247,0.003948017,0.005512667,0.003737693,0.005319139,0.003528115,0.00495597,0.003278786,0.004727916,0.002865975,0.004157222,0.002529306,0.003654272,0.00221186,0.003282518,0.0020118,0.003005756,0.001878737,0.002839848,0.001743622,0.002664982,0.001555506,0.002435621,0.001533671,0.002452604,0.001248137,0.001962531,0.001305804,0.00215326,0.001179833,0.001950401,0.001044531,0.001730745,0.000943941,0.00162269,0.00079035,0.001386425,0.000686961,0.001207267,0.000559683,0.001008326,0.000511908,0.000943381,0.000392842,0.000756198,0.000315767,0.000614364,0.000256607,0.00051508,0.000208272,0.000416543,0.000172067,0.000346373,0.000137728,0.000270231,0.000107308,0.00018793,9.01E-05,0.000143513,7.67E-05,0.000118879,6.25E-05,8.81E-05,5.54E-05,7.73E-05
2022,﻿กรุงเทพมหานคร,5328396,0.002730278,0.002502066,0.003230616,0.003048385,0.003557731,0.003335338,0.003788382,0.00358119,0.003978496,0.003783127,0.004202015,0.004076274,0.004331322,0.00413708,0.004499666,0.004333387,0.004802008,0.004544144,0.004891716,0.004604012,0.005311918,0.005120866,0.005116737,0.004908982,0.005048236,0.004817585,0.00521977,0.005042043,0.005353393,0.005159714,0.005587423,0.005380794,0.005524552,0.005322427,0.005572596,0.005456614,0.005768715,0.005623831,0.005761959,0.005588924,0.005733433,0.005646727,0.005930678,0.005653296,0.007168574,0.006222135,0.00609752,0.005888451,0.006350129,0.006180472,0.007158064,0.007155624,0.00734236,0.007374452,0.00749156,0.007654461,0.007106829,0.007271231,0.007085247,0.007314021,0.007085059,0.007445205,0.007046961,0.007414426,0.006980525,0.007454026,0.006668423,0.007130476,0.006750249,0.007314584,0.006342809,0.006935108,0.006614186,0.007356623,0.006961007,0.007825432,0.007058972,0.007955302,0.00725603,0.00834191,0.00743432,0.008650446,0.007633066,0.008802274,0.007853771,0.009072712,0.007885112,0.009061451,0.007489308,0.008828736,0.007580142,0.008946407,0.007576952,0.00892764,0.007287371,0.008626236,0.007196537,0.008589076,0.006994225,0.008366683,0.00724871,0.008697739,0.007421558,0.008944906,0.007246271,0.008759484,0.007072297,0.008642939,0.007256968,0.008869649,0.00701562,0.008521701,0.006717969,0.008336092,0.006895509,0.008570684,0.006910147,0.008593205,0.006577214,0.008321266,0.006303023,0.008117828,0.00600068,0.007774385,0.005950759,0.007930529,0.005656862,0.00756982,0.005257492,0.007013931,0.005016144,0.006791537,0.004876139,0.006563514,0.00445087,0.006198488,0.004418591,0.006203555,0.004067828,0.00571748,0.003841681,0.005451547,0.003636179,0.00525205,0.003430301,0.004895469,0.003185199,0.00465337,0.002776821,0.004085845,0.002441635,0.003583442,0.002139105,0.00321898,0.001934916,0.002940284,0.001795099,0.002763871,0.001660162,0.00259534,0.001471174,0.002351927,0.001438895,0.002356807,0.001174087,0.001873172,0.001221005,0.002040014,0.001092449,0.001843707,0.000956385,0.001618498,0.000857857,0.001508146,0.000712785,0.001274868,0.000616321,0.001096953,0.000499212,0.000910405,0.000448916,0.000840591,0.000346821,0.000657421,0.00027588,0.000534682,0.000218828,0.00044047,0.000178102,0.00035339,0.000148262,0.000285264,0.000122551,0.000224833,9.27E-05,0.000154455,8.15E-05,0.000118797,7.17E-05,9.76E-05,5.74E-05,7.54E-05
2023,﻿กรุงเทพมหานคร,5308234,0.002744227,0.00255471,0.002938077,0.002680364,0.003293374,0.003098959,0.00358688,0.003365526,0.003826696,0.003626253,0.004016213,0.003825378,0.004228337,0.004103248,0.004356439,0.004148649,0.004499048,0.004339108,0.004819117,0.004571577,0.004921411,0.004630542,0.005337557,0.005161038,0.005125057,0.00493083,0.005039906,0.004826276,0.005207193,0.005053658,0.005328703,0.00516669,0.005558346,0.005377495,0.005487889,0.005320037,0.00556249,0.005475832,0.005788177,0.005654046,0.005733734,0.005596777,0.006157227,0.005652351,0.006085075,0.005687579,0.006443197,0.006239175,0.005975057,0.005925888,0.006308689,0.006245203,0.007151908,0.007243275,0.007390217,0.007513987,0.007551664,0.007782249,0.007175456,0.007411693,0.00715511,0.007453515,0.00714927,0.007587269,0.007097276,0.007540926,0.00701382,0.007562967,0.006712214,0.007222553,0.00675234,0.007392477,0.006361626,0.007010806,0.00662857,0.007417533,0.006972752,0.007874747,0.007055642,0.008017544,0.007254578,0.008391491,0.007436748,0.00869875,0.00762683,0.008817433,0.007834809,0.00908871,0.007853459,0.009055742,0.007440704,0.0088423,0.007555997,0.008936682,0.007535274,0.008900324,0.007237247,0.008586283,0.007150589,0.008550866,0.006940915,0.008334222,0.007182615,0.008651276,0.007343309,0.008896367,0.007177152,0.008710618,0.006989142,0.00858082,0.007165283,0.008798595,0.006917743,0.00844537,0.006614629,0.008282792,0.006787003,0.008479091,0.006800755,0.008536361,0.006415693,0.008256418,0.006129345,0.008023007,0.005860141,0.007708025,0.005843751,0.007867588,0.005549303,0.007501365,0.005150866,0.006942422,0.004904833,0.006721444,0.00477202,0.006503293,0.004349469,0.006142533,0.004309154,0.006142909,0.003976652,0.005646511,0.003737213,0.005379002,0.003522452,0.005181196,0.003322762,0.004817987,0.003084453,0.004577417,0.002682436,0.004010185,0.002356339,0.003511337,0.002053225,0.003143795,0.001855043,0.002865171,0.001713753,0.002687146,0.001584896,0.002504034,0.001393872,0.002267798,0.001350355,0.002265914,0.001100743,0.001789296,0.001136159,0.001933788,0.001014462,0.00173975,0.000883533,0.001518773,0.000787644,0.00139651,0.000648992,0.001166678,0.00055461,0.000998637,0.000446476,0.000821177,0.000392598,0.000745634,0.000306317,0.000577028,0.00024641,0.000460417,0.000193661,0.000378469,0.000157303,0.000304244,0.000132436,0.000236614,0.000111336,0.000188387,8.48E-05,0.000127726,7.48E-05,0.000100598,6.71E-05,8.31E-05
